0,6
370.33,6
380.33,6
390.33,6
400.33,6
410.33,6.5
420.33,7
430.33,7.5
440.33,8
450.33,8.5
460.33,9
470.33,9.5
480.33,10.19651566
490.33,10.06311108
500.33,10.17926573
510.33,10.02280502
520.33,10.17913752
530.33,10.15508272
540.33,10.12020863
550.33,10
560.33,9.5
570.33,9
580.33,8.5
590.33,8
600.33,7.5
610.33,7
620.33,6.5
630.33,6
640.33,5.5
650.33,5
660.33,4.5
670.33,4
680.33,3.5
690.33,3
700.33,2.5
710.33,2
720.33,1.735687698
730.33,1.612575815
740.33,1.678146004
750.33,1.732463479
760.33,1.683440417
770.33,1.553192511
780.33,1.736419308
790.33,1.719324224
800.33,1.620450525
810.33,1.767715042
820.33,1.734467961
830.33,1.707517185
840.33,1.667286555
850.33,1.69728961
860.33,1.657619904
870.33,1.527816005
880.33,1.737483223
890.33,1.768334902
900.33,1.77169846
910.33,1.4
920.33,1.3
930.33,1.2
940.33,1.1
950.33,0.8
960.33,0.75
970.33,0.6
980.33,0.4
990.33,0.2
1000.33,-0.033
1010.331,-0.266
1020.33,-0.5
1030.33,-0.654
1040.331,-0.849
1050.331,-1.04
1060.33,-1.272
1070.33,-1.489
1080.331,-1.711
1090.331,-1.973
1100.33,-2.238
1110.33,-2.552
1120.331,-2.819
1130.33,-3.076
1140.33,-3.369
1150.331,-3.643
1160.331,-3.891
1170.33,-4.194
1180.33,-4.528
1190.331,-4.803
1200.331,-5.061
1210.33,-5.323
1220.33,-5.586
1230.331,-5.812
1240.331,-5.992
1250.33,-6.104
1260.331,-6.164
1270.331,-6.085
1280.331,-5.809
1290.331,-5.266
1300.33,-4.619
1310.33,-4.202
1320.33,-4.156
1330.33,-4.338
1340.331,-4.591
1350.331,-4.86
1360.331,-5.158
1370.331,-5.473
1380.33,-5.777
1390.33,-6.08
1400.33,-6.362
1410.331,-6.639
1420.331,-6.904
1430.331,-7.163
1440.331,-7.406
1450.33,-7.637
1460.33,-7.836
1470.33,-8.019
1480.33,-8.211
1490.331,-8.381
1500.331,-8.524
1510.331,-8.668
1520.33,-8.847
1530.33,-9.017
1540.33,-9.193
1550.33,-9.382
1560.331,-9.541
1570.331,-9.661
1580.331,-9.77
1590.331,-9.879
1600.33,-9.963
1610.33,-10.026
1620.33,-10.092
1630.33,-10.172
1640.331,-10.249
1650.331,-10.31
1660.331,-10.35
1670.33,-10.398
1680.33,-10.423
1690.33,-10.451
1700.33,-10.485
1710.331,-10.509
1720.331,-10.547
1730.331,-10.597
1740.331,-10.65
1750.33,-10.723
1760.33,-10.819
1770.33,-10.914
1787.405,-11.121
1797.405,-11.257
1807.405,-11.402
1817.405,-11.497
1827.405,-11.603
1837.405,-11.725
1847.405,-11.833
1857.405,-11.951
1867.405,-12.064
1877.405,-12.163
1887.405,-12.275
1897.405,-12.365
1907.405,-12.467
1917.405,-12.566
1927.405,-12.645
1937.405,-12.728
1947.405,-12.828
1957.405,-12.916
1967.405,-12.996
1977.405,-13.072
1987.405,-13.149
1997.405,-13.228
2007.405,-13.289
2017.405,-13.357
2027.405,-13.425
2037.405,-13.489
2047.405,-13.558
2057.405,-13.612
2067.405,-13.673
2077.405,-13.715
2087.405,-13.764
2097.405,-13.818
2107.405,-13.846
2117.405,-13.87
2127.405,-13.883
2137.405,-13.881
2147.405,-13.858
2157.405,-13.794
2167.405,-13.679
2177.405,-13.525
2187.405,-13.353
2197.405,-13.128
2207.405,-12.877
2217.405,-12.639
2227.405,-12.421
2237.405,-12.242
2247.405,-12.105
2257.405,-12.019
2267.405,-11.96
2277.405,-11.932
2287.405,-11.919
2297.405,-11.938
2307.405,-11.966
2317.405,-12.008
2327.405,-12.056
2337.405,-12.111
2347.405,-12.177
2357.405,-12.233
2367.405,-12.298
2377.405,-12.371
2387.405,-12.439
2397.405,-12.532
2407.405,-12.629
2417.405,-12.699
2427.405,-12.776
2437.405,-12.859
2447.405,-12.938
2457.405,-13.036
2467.405,-13.127
2477.405,-13.221
2487.405,-13.31
2497.405,-13.407
2507.405,-13.488
2517.405,-13.592
2527.405,-13.693
2537.405,-13.794
2547.405,-13.892
2557.405,-13.978
2567.405,-14.082
2577.405,-14.177
2587.405,-14.262
2597.405,-14.357
2607.405,-14.455
2617.405,-14.557
2627.405,-14.648
2637.405,-14.742
2647.405,-14.835
2657.405,-14.932
2667.405,-15.03
2677.405,-15.126
2687.405,-15.215
2697.405,-15.297
2707.405,-15.38
2717.405,-15.473
2727.405,-15.563
2737.405,-15.647
2747.405,-15.732
2757.405,-15.824
2767.405,-15.906
2777.405,-15.985
2787.405,-16.067
2797.405,-16.143
2807.405,-16.233
2817.405,-16.312
2827.405,-16.392
2837.405,-16.465
2847.405,-16.544
2857.405,-16.621
2867.405,-16.702
2877.405,-16.775
2887.405,-16.853
2897.405,-16.923
2907.405,-16.989
2917.405,-17.058
2927.405,-17.124
2937.405,-17.192
2947.405,-17.265
2957.405,-17.33
2967.405,-17.392
2977.405,-17.478
2987.405,-17.559
2997.405,-17.627
3007.405,-17.691
3017.405,-17.768
3027.405,-17.832
3037.405,-17.909
3047.405,-17.977
3057.405,-18.047
3067.405,-18.112
3077.405,-18.19
3087.405,-18.267
3097.405,-18.338
3107.405,-18.398
3117.405,-18.475
3127.405,-18.548
3137.405,-18.621
3147.405,-18.698
3157.405,-18.78
3167.405,-18.862
3177.405,-18.935
3187.405,-19.009
3197.405,-19.084
3207.405,-19.161
3217.405,-19.227
3227.405,-19.298
3237.405,-19.377
3247.405,-19.461
3257.405,-19.54
3267.405,-19.625
3277.405,-19.708
3287.405,-19.783
3297.405,-19.855
3307.405,-19.931
3317.405,-20.006
3327.405,-20.096
3337.405,-20.177
3347.405,-20.246
3357.405,-20.331
3367.405,-20.405
3377.405,-20.48
3387.405,-20.559
3397.405,-20.64
3407.405,-20.726
3417.405,-20.808
3427.405,-20.886
3437.405,-20.972
3447.405,-21.056
3457.405,-21.132
3467.405,-21.203
3477.405,-21.299
3487.405,-21.386
3497.405,-21.451
3507.405,-21.53
3517.405,-21.607
3527.405,-21.679
3537.405,-21.752
3547.405,-21.833
3557.405,-21.922
3567.405,-21.995
3577.405,-22.087
3587.405,-22.162
3597.405,-22.231
3607.405,-22.307
3617.405,-22.394
3627.405,-22.482
3637.405,-22.562
3647.405,-22.62
3657.405,-22.701
3667.405,-22.784
3677.405,-22.855
3687.405,-22.931
3697.405,-23.009
3707.405,-23.085
3717.405,-23.154
3727.405,-23.239
3737.405,-23.323
3747.405,-23.394
3757.405,-23.479
3767.405,-23.565
3777.405,-23.629
3787.405,-23.697
3797.405,-23.765
3807.405,-23.835
3817.405,-23.903
3827.405,-23.975
3837.405,-24.052
3847.405,-24.125
3857.405,-24.198
3867.405,-24.266
3877.405,-24.345
3887.405,-24.418
3897.405,-24.492
3907.405,-24.562
3917.405,-24.633
3927.405,-24.702
3937.405,-24.771
3947.405,-24.846
3957.405,-24.904
3967.405,-24.967
3977.405,-25.035
3987.405,-25.117
3997.405,-25.186
4007.405,-25.255
4017.405,-25.315
4027.405,-25.39
4037.405,-25.453
4047.405,-25.509
4057.405,-25.563
4067.405,-25.634
4077.405,-25.721
4087.405,-25.795
4097.405,-25.848
4107.405,-25.901
4117.405,-25.957
4127.405,-26.014
4137.405,-26.036
4147.405,-26.069
4157.405,-26.126
4167.405,-26.18
4177.405,-26.245
4187.405,-26.312
4197.405,-26.384
4207.405,-26.448
4217.405,-26.507
4227.405,-26.567
4237.405,-26.607
4247.405,-26.653
4257.405,-26.718
4267.405,-26.786
4277.405,-26.844
4287.405,-26.913
4297.405,-26.976
4307.405,-27.038
4317.405,-27.088
4327.405,-27.159
4337.405,-27.218
4347.405,-27.265
4357.405,-27.319
4367.405,-27.374
4377.405,-27.433
4387.405,-27.502
4397.405,-27.555
4407.405,-27.616
4417.405,-27.661
4427.405,-27.701
4437.405,-27.746
4447.405,-27.803
4457.405,-27.856
4467.405,-27.91
4477.405,-27.974
4487.405,-28.04
4497.405,-28.058
4507.405,-28.06
4517.405,-28.103
4527.405,-28.144
4537.405,-28.204
4547.405,-28.258
4557.405,-28.304
4567.405,-28.356
4577.405,-28.393
4587.405,-28.413
4597.405,-28.466
4607.405,-28.521
4617.405,-28.596
4627.405,-28.671
4637.405,-28.746
4647.405,-28.821
4657.405,-28.831
4667.405,-28.841
4677.405,-28.851
4687.405,-28.861
4697.405,-28.871
4707.405,-28.881
4717.405,-28.891
4727.405,-28.901
4737.405,-28.911
4747.405,-28.921
4757.405,-28.931
4767.405,-28.951
4777.405,-28.977
4787.405,-29.027
4797.405,-29.081
4807.405,-29.155
4817.405,-29.196
4827.405,-29.246
4837.405,-29.299
4847.405,-29.345
4857.405,-29.399
4867.405,-29.45
4877.405,-29.517
4887.405,-29.582
4897.405,-29.623
4907.405,-29.68
4917.405,-29.745
4927.405,-29.802
4937.405,-29.838
4947.405,-29.884
4957.405,-29.935
4967.405,-29.988
4977.405,-29.969
4987.405,-30.003
4997.405,-30.033
5007.405,-30.072
5017.405,-30.11
5027.405,-30.162
5037.405,-30.16
5047.405,-30.166
5057.405,-30.228
5067.405,-30.278
5077.405,-30.324
5087.405,-30.356
5097.405,-30.361
5107.405,-30.408
5117.405,-30.456
5127.405,-30.462
5137.405,-30.503
